Model   , ROC AUC           , Accuracy          , Precision         , Recall            , F1 Score
LightGBM, 0.9603392082521507, 0.9523403529712678, 0.9217919514047077, 0.7269461077844311, 0.812855708068296
